From	Entry	Reviewed	Entry Name	Protein names	Organism	3D	Rhea ID	Sequence
1TW2	Q06528	reviewed	DNRK_STRPE	Carminomycin 4-O-methyltransferase DnrK, COMT, EC 2.1.1.292 (Anthracycline 4-O-methyltransferase)	Streptomyces peucetius	X-ray crystallography (6)	RHEA:38311	MTAEPTVAARPQQIDALRTLIRLGSLHTPMVVRTAATLRLVDHILAGARTVKALAARTDTRPEALLRLIRHLVAIGLLEEDAPGEFVPTEVGELLADDHPAAQRAWHDLTQAVARADISFTRLPDAIRTGRPTYESIYGKPFYEDLAGRPDLRASFDSLLACDQDVAFDAPAAAYDWTNVRHVLDVGGGKGGFAAAIARRAPHVSATVLEMAGTVDTARSYLKDEGLSDRVDVVEGDFFEPLPRKADAIILSFVLLNWPDHDAVRILTRCAEALEPGGRILIHERDDLHENSFNEQFTELDLRMLVFLGGALRTREKWDGLAASAGLVVEEVRQLPSPTIPYDLSLLVLAPAATGA
3BUS	Q8KZ94	reviewed	REBMT_LENAE	Demethylrebeccamycin-D-glucose O-methyltransferase, EC 2.1.1.164 (Rebeccamycin O-methyltransferase) (Rebeccamycin sugar 4'-O-methyltransferase RebM)	Lentzea aerocolonigenes (Lechevalieria aerocolonigenes) (Saccharothrix aerocolonigenes)	X-ray crystallography (1)	RHEA:27353	MTESKSEGTAVAAPTPEEVRQMYDDFTDPFARIWGENLHFGYWEDAGADVSVDDATDRLTDEMIALLDVRSGDRVLDVGCGIGKPAVRLATARDVRVTGISISRPQVNQANARATAAGLANRVTFSYADAMDLPFEDASFDAVWALESLHHMPDRGRALREMARVLRPGGTVAIADFVLLAPVEGAKKEAVDAFRAGGGVLSLGGIDEYESDVRQAELVVTSTVDISAQARPSLVKTAEAFENARSQVEPFMGAEGLDRMIATFRGLAEVPEAGYVLIGARKP
3CBG	Q55813	unreviewed	Q55813_SYNY3	O-methyltransferase	Synechocystis sp. (strain PCC 6803 / Kazusa)	X-ray crystallography (1)		MGKGITGFDPSLYSYLQSISADDSFYLAQLRRETAHLPGAPMQISPEQAQFLGLLISLTGAKQVLEIGVFRGYSALAMALQLPPDGQIIACDQDPNATAIAKKYWQKAGVAEKISLRLGPALATLEQLTQGKPLPEFDLIFIDADKRNYPRYYEIGLNLLRRGGLMVIDNVLWHGKVTEVDPQEAQTQVLQQFNRDLAQDERVRISVIPLGDGMTLALKK
3DUL	Q739U3	unreviewed	Q739U3_BACC1	O-methyltransferase, putative	Bacillus cereus (strain ATCC 10987 / NRS 248)	X-ray crystallography (2)		MSMIETWTAVDQYVSDVLIPKDSTLEEVLQVNAAANLPAHDVSPTQGKFLQLLVQIQGARNILEIGTLGGYSTIWLARGLSSGGRVVTLEASEKHADIARSNIERANLNDRVEVRTGLALDSLQQIENEKYEPFDFIFIDADKQNNPAYFEWALKLSRPGTVIIGDNVVREGEVIDNTSNDPRVQGIRRFYELIAAEPRVSATALQTVGSKGYDGFIMAVVKE
3I53	Q84HC8	reviewed	NCSB1_STRCZ	2,7-dihydroxy-5-methyl-1-naphthoate 7-O-methyltransferase, EC 2.1.1.303 (Neocarzinostatin O-methyltransferase) (Neocarzinostatin biosynthesis protein B1)	Streptomyces carzinostaticus	X-ray crystallography (4)	RHEA:41536	MGKRAAHIGLRALADLATPMAVRVAATLRVADHIAAGHRTAAEIASAAGAHADSLDRLLRHLVAVGLFTRDGQGVYGLTEFGEQLRDDHAAGKRKWLDMNSAVGRGDLGFVELAHSIRTGQPAYPVRYGTSFWEDLGSDPVLSASFDTLMSHHLELDYTGIAAKYDWAALGHVVDVGGGSGGLLSALLTAHEDLSGTVLDLQGPASAAHRRFLDTGLSGRAQVVVGSFFDPLPAGAGGYVLSAVLHDWDDLSAVAILRRCAEAAGSGGVVLVIEAVAGDEHAGTGMDLRMLTYFGGKERSLAELGELAAQAGLAVRAAHPISYVSIVEMTAL
3OU2	D7PC21	unreviewed	D7PC21_STRLR	SAM-dependent methyltransferase	Streptomyces luridus	X-ray crystallography (3)		MTTSHGLIESQLSYYRARASEYDATFVPYMDSAAPAALERLRAGNIRGDVLELASGTGYWTRHLSGLADRVTALDGSAEMIAEAGRHGLDNVEFRQQDLFDWTPDRQWDAVFFAHWLAHVPDDRFEAFWESVRSAVAPGGVVEFVDVTDHERRLEQQDDSEPEVAVRRTLQDGRSFRIVKVFRSPAELTERLTALGWSCSVDEVHPGFLYATCRPGPR
2WK1	Q9L9F2	reviewed	NOVP_STRNV	Demethyldecarbamoylnovobiocin O-methyltransferase, EC 2.1.1.285 (Novobiocin biosynthesis protein P)	Streptomyces niveus (Streptomyces spheroides)	X-ray crystallography (1)	RHEA:36655	MAPIVETAKETNSDSSLYLDLMIKVLAGTVYEDPAHRENFSHRDSTYREEVRNEGRDWPANAHTMIGIKRLENIRQCVEDVIGNNVPGDLVETGVWRGGACILMRGILRAHDVRDRTVWVADSFQGIPDVGEDGYAGDRKMALHRRNSVLAVSEEEVRRNFRNYDLLDEQVRFLPGWFKDTLPTAPIDTLAVLRMDGDLYESTWDTLTNLYPKVSVGGYVIVDDYMMCPPCKDAVDEYRAKFDIADELITIDRDGVYWQRTR
3LST	Q8KNE5	unreviewed	Q8KNE5_MICEC	CalO1	Micromonospora echinospora (Micromonospora purpurea)	X-ray crystallography (1)		MQRQRPPSRAGGDMDRLQSALALYEEAMGYTYAAALRAAAAVGVADHLVDGPRTPAELAAATGTDADALRRVLRLLAVRDVVRESDGRFALTDKGAALRSDSPVPARAGILMFTDTMFWTMSHRVASALGPERPAFADIFGSSLDAYFDGDAEVEALYYEGMETVSAAEHLILARAGDFPATGTVADVGGGRGGFLLTVLREHPGLQGVLLDRAEVVARHRLDAPDVAGRWKVVEGDFLREVPHADVHVLKRILHNWGDEDSVRILTNCRRVMPAHGRVLVIDAVVPEGNDAHQSKEMDFMMLAARTGQERTAAELEPLFTAAGLRLDRVVGTSSVMSIAVGVPA
3GWZ	Q9X5T6	reviewed	MMCR_STRLA	Mitomycin biosynthesis 6-O-methyltransferase, EC 2.1.1.316 (Mitomycin 7-O-methyltransferase)	Streptomyces lavendulae	X-ray crystallography (2)	RHEA:45104 RHEA:45100	MTVEQTPENPGTAARAAAEETVNDILQGAWKARAIHVAVELGVPELLQEGPRTATALAEATGAHEQTLRRLLRLLATVGVFDDLGHDDLFAQNALSAVLLPDPASPVATDARFQAAPWHWRAWEQLTHSVRTGEASFDVANGTSFWQLTHEDPKARELFNRAMGSVSLTEAGQVAAAYDFSGAATAVDIGGGRGSLMAAVLDAFPGLRGTLLERPPVAEEARELLTGRGLADRCEILPGDFFETIPDGADVYLIKHVLHDWDDDDVVRILRRIATAMKPDSRLLVIDNLIDERPAASTLFVDLLLLVLVGGAERSESEFAALLEKSGLRVERSLPCGAGPVRIVEIRRA
3SSM	Q83WF2	reviewed	MYCE_MICGR	Mycinamicin VI 2''-O-methyltransferase, EC 2.1.1.238 (Mycinamicin biosynthesis protein E)	Micromonospora griseorubida	X-ray crystallography (3)	RHEA:31643	MTAQTEFDEATVQDVVRLAGGHDSELRELTQKYDPAMISRLLVAEILSRCPPPSNDTPVLVELAIVHGSERFRHFLRVVRDSPIRPVGADEGFVGMLVEYELTELLRELFGVTHERPAGVRGTKLFPYLTDDEEAVEQIGTYLLAAQQGTEAVLAGCGSRKPDLSELSSRYFTPKFGFLHWFTPHYDRHFRDYRNQQVRVLEIGVGGYKHPEWGGGSLRMWKSFFPRGQIYGLDIMDKSHVDELRIRTIQGDQNDAEFLDRIARRYGPFDIVIDDGSHINAHVRTSFAALFPHVRPGGLYVIEDMWTAYWPGFGGQADPQECSGTSLGLLKSLIDAIQHQELPSDPNRSPGYVDRNIVGLHVYHNVAFVEKGRNDEGGIPTWIPRDFESLVQASSGGAT
2IP2	Q9HWH2	reviewed	PHZM_PSEAE	Phenazine-1-carboxylate N-methyltransferase, EC 2.1.1.327	Pseudomonas aeruginosa (strain ATCC 15692 / DSM 22644 / CIP 104116 / JCM 14847 / LMG 12228 / 1C / PRS 101 / PAO1)	X-ray crystallography (1)	RHEA:49112	MNNSNLAAARNLIQVVTGEWKSRCVYVATRLGLADLIESGIDSDETLAAAVGSDAERIHRLMRLLVAFEIFQGDTRDGYANTPTSHLLRDVEGSFRDMVLFYGEEFHAAWTPACEALLSGTPGFELAFGEDFYSYLKRCPDAGRRFLLAMKASNLAFHEIPRLLDFRGRSFVDVGGGSGELTKAILQAEPSARGVMLDREGSLGVARDNLSSLLAGERVSLVGGDMLQEVPSNGDIYLLSRIIGDLDEAASLRLLGNCREAMAGDGRVVVIERTISASEPSPMSVLWDVHLFMACAGRHRTTEEVVDLLGRGGFAVERIVDLPMETRMIVAARA
3BXO	Q9ZGH6	reviewed	DESVI_STRVZ	dTDP-3-amino-3,4,6-trideoxy-alpha-D-glucopyranose N,N-dimethyltransferase, EC 2.1.1.234	Streptomyces venezuelae	X-ray crystallography (1)	RHEA:31759	MYEVDHADVYDLFYLGRGKDYAAEASDIADLVRSRTPEASSLLDVACGTGTHLEHFTKEFGDTAGLELSEDMLTHARKRLPDATLHQGDMRDFRLGRKFSAVVSMFSSVGYLKTTEELGAAVASFAEHLEPGGVVVVEPWWFPETFADGWVSADVVRRDGRTVARVSHSVREGNATRMEVHFTVADPGKGVRHFSDVHLITLFHQAEYEAAFTAAGLRVEYLEGGPSGRGLFVGVPA
3G2M	O52805	unreviewed	O52805_AMYOR	PCZA361.24	Amycolatopsis orientalis (Nocardia orientalis)	X-ray crystallography (4)		MSNQLERGPVRTPHADVLLASVGERGVLCDFYDEGAADTYRDLIQDADGTSEAREFATRTGPVSGPVLELAAGMGRLTFPFLDLGWEVTALELSTSVLAAFRKRLAEAPADVRDRCTLVQGDMSAFALDKRFGTVVISSGSINELDEADRRGLYASVREHLEPGGKFLLSLAMSEAAESEPLERKQELPGRSGRRYVLHVRHLPAEEIQEITIHPADETTDPFVVCTHRRRLLAPDQVVRELVRSGFDVIAQTPFASGGAGRKDMVLVEAVMPGATADAR
3OFJ	Q9AQ22	unreviewed	Q9AQ22_BRASW	Nodulation protein S	Bradyrhizobium sp. (strain WM9)	X-ray crystallography (2)		MSVDNTYQSLERELANDDPWRLDDNPFERERHTQLLRLSLSSGAVSNGLEIGCAAGAFTEKLAPHCKRLTVIDVMPRAIGRACQRTKRWSHISWAATDILQFSTAELFDLIVVAEVLYYLEDMTQMRTAIDNMVKMLAPGGHLVFGSARDATCRRWGHVAGAETVITILTEALTEVERVQCQGQSADEDCLLARFRNPERSSIRPDGRA
3PFG	P95748	reviewed	TYLM1_STRFR	dTDP-3-amino-3,6-dideoxy-alpha-D-glucopyranose N,N-dimethyltransferase, EC 2.1.1.235 (Tylosin biosynthesis protein M1)	Streptomyces fradiae (Streptomyces roseoflavus)	X-ray crystallography (9)	RHEA:31671	MAHSSATAGPQADYSGEIAELYDLVHQGKGKDYHREAADLAALVRRHSPKAASLLDVACGTGMHLRHLADSFGTVEGLELSADMLAIARRRNPDAVLHHGDMRDFSLGRRFSAVTCMFSSIGHLAGQAELDAALERFAAHVLPDGVVVVEPWWFPENFTPGYVAAGTVEAGGTTVTRVSHSSREGEATRIEVHYLVAGPDRGITHHEESHRITLFTREQYERAFTAAGLSVEFMPGGPSGRGLFTGLPGAKGETR
1CBF	O87696	reviewed	CBIF_PRIMG	Cobalt-precorrin-4 C(11)-methyltransferase, EC 2.1.1.271 (Cobalt-precorrin-3 methylase)	Priestia megaterium (Bacillus megaterium)	X-ray crystallography (2)	RHEA:26277	MKLYIIGAGPGDPDLITVKGLKLLQQADVVLYADSLVSQDLIAKSKPGAEVLKTAGMHLEEMVGTMLDRMREGKMVVRVHTGDPAMYGAIMEQMVLLKREGVDIEIVPGVTSVFAAAAAAEAELTIPDLTQTVILTRAEGRTPVPEFEKLTDLAKHKCTIALFLSATLTKKVMKEFINAGWSEDTPVVVVYKATWPDEKIVRTTVKDLDDAMRTNGIRKQAMILAGWALDPHIHDKDYRSKLYDKTFTHGFRKGVKSE
1KP9	P9WPB7	reviewed	CMAS1_MYCTU	Cyclopropane mycolic acid synthase 1, CMAS-1, EC 2.1.1.79 (Cyclopropane-fatty-acyl-phospholipid synthase, CFA synthase, Cyclopropane fatty acid synthase) (Mycolic acid methyltransferase, MA-MT) (S-adenosylmethionine-dependent methyltransferase, AdoMet-MT, SAM-MT)	Mycobacterium tuberculosis (strain ATCC 25618 / H37Rv)	X-ray crystallography (3)	RHEA:11988	MPDELKPHFANVQAHYDLSDDFFRLFLDPTQTYSCAYFERDDMTLQEAQIAKIDLALGKLGLQPGMTLLDVGCGWGATMMRAVEKYDVNVVGLTLSKNQANHVQQLVANSENLRSKRVLLAGWEQFDEPVDRIVSIGAFEHFGHERYDAFFSLAHRLLPADGVMLLHTITGLHPKEIHERGLPMSFTFARFLKFIVTEIFPGGRLPSIPMVQECASANGFTVTRVQSLQPHYAKTLDLWSAALQANKGQAIALQSEEVYERYMKYLTGCAEMFRIGYIDVNQFTCQK
1KXZ	O26249	reviewed	CBIT_METTH	Probable cobalt-precorrin-6B C(15)-methyltransferase (decarboxylating), EC 2.1.1.196	Methanothermobacter thermautotrophicus (strain ATCC 29096 / DSM 1053 / JCM 10044 / NBRC 100330 / Delta H) (Methanobacterium thermoautotrophicum)	X-ray crystallography (5)	RHEA:36067	MIPDDEFIKNPSVPGPTAMEVRCLIMCLAEPGKNDVAVDVGCGTGGVTLELAGRVRRVYAIDRNPEAISTTEMNLQRHGLGDNVTLMEGDAPEALCKIPDIDIAVVGGSGGELQEILRIIKDKLKPGGRIIVTAILLETKFEAMECLRDLGFDVNITELNIARGRALDRGTMMVSRNPVALIYTGVSHENKD
1PJQ	P25924	reviewed	CYSG_SALTY	Siroheme synthase [Includes: Uroporphyrinogen-III C-methyltransferase, Urogen III methylase, EC 2.1.1.107 (SUMT) (Uroporphyrinogen III methylase, UROM); Precorrin-2 dehydrogenase, EC 1.3.1.76; Sirohydrochlorin ferrochelatase, EC 4.99.1.4 ]	Salmonella typhimurium (strain LT2 / SGSC1412 / ATCC 700720)	X-ray crystallography (15)	RHEA:32459 RHEA:15613 RHEA:24360	MDHLPIFCQLRDRDCLIVGGGDVAERKARLLLEAGARLTVNALTFIPQFTVWANEGMLTLVEGPFDETLLDSCWLAIAATDDDTVNQRVSDAAESRRIFCNVVDAPKAASFIMPSIIDRSPLMVAVSSGGTSPVLARLLREKLESLLPQHLGQVARYAGQLRARVKKQFATMGERRRFWEKFFVNDRLAQSLANADEKAVNATTERLFSEPLDHRGEVVLVGAGPGDAGLLTLKGLQQIQQADIVVYDRLVSDDIMNLVRRDADRVFVGKRAGYHCVPQEEINQILLREAQKGKRVVRLKGGDPFIFGRGGEELETLCHAGIPFSVVPGITAASGCSAYSGIPLTHRDYAQSVRLVTGHLKTGGELDWENLAAEKQTLVFYMGLNQAATIQEKLIAFGMQADMPVALVENGTSVKQRVVHGVLTQLGELAQQVESPALIIVGRVVALRDKLNWFSNH
1S4D	P21631	reviewed	SUMT_SINSX	Uroporphyrinogen-III C-methyltransferase, Urogen III methylase, EC 2.1.1.107 (S-adenosyl-L-methionine:uroporphyrinogen III methyltransferase, SUMT) (Uroporphyrinogen III methylase, UROM)	Sinorhizobium sp	X-ray crystallography (1)	RHEA:32459 RHEA:19089 RHEA:21972	MIDDLFAGLPALEKGSVWLVGAGPGDPGLLTLHAANALRQADVIVHDALVNEDCLKLARPGAVLEFAGKRGGKPSPKQRDISLRLVELARAGNRVLRLKGGDPFVFGRGGEEALTLVEHQVPFRIVPGITAGIGGLAYAGIPVTHREVNHAVTFLTGHDSSGLVPDRINWQGIASGSPVIVMYMAMKHIGAITANLIAGGRSPDEPVAFVCNAATPQQAVLETTLARAEADVAAAGLEPPAIVVVGEVVRLRAALDWIGALDGRKLAADPFANRILRNPA
1X19	Q8KGE0	reviewed	BCHU_CHLTE	Bacteriochlorophyllide d C-20 methyltransferase, EC 2.1.1.333 (Bacteriochlorophyllide d MTase)	Chlorobaculum tepidum (strain ATCC 49652 / DSM 12025 / NBRC 103806 / TLS) (Chlorobium tepidum)	X-ray crystallography (5)	RHEA:49180	MSNNDLLNYYHRANELVFKGLIEFSCMKAAIELDLFSHMAEGPKDLATLAADTGSVPPRLEMLLETLRQMRVINLEDGKWSLTEFADYMFSPTPKEPNLHQTPVAKAMAFLADDFYMGLSQAVRGQKNFKGQVPYPPVTREDNLYFEEIHRSNAKFAIQLLLEEAKLDGVKKMIDVGGGIGDISAAMLKHFPELDSTILNLPGAIDLVNENAAEKGVADRMRGIAVDIYKESYPEADAVLFCRILYSANEQLSTIMCKKAFDAMRSGGRLLILDMVIDDPENPNFDYLSHYILGAGMPFSVLGFKEQARYKEILESLGYKDVTMVRKYDHLLVQAVKP
2QBU	O27402	unreviewed	O27402_METTH	Precorrin-2 methyltransferase	Methanothermobacter thermautotrophicus (strain ATCC 29096 / DSM 1053 / JCM 10044 / NBRC 100330 / Delta H) (Methanobacterium thermoautotrophicum)	X-ray crystallography (1)		MHGKLIGVGVGPGDSELLTLRAVNVLRSVPVICAPRSSSERESIALSIVEDILTERRDGCRILDPVFPMTDDRDELESHWDSAARMVAAELEDGRDVAFITLGDPSIYSTFSYLQQRIEDMGFKTEMVPGVTSFTACAATAGRTLVEGDEILLVVPRVDDRFERVLRDVDACVIMKTSRHGRRAMEVVESDPRGKDVVSVANCSMDDEVVERGFASGGGYLATTLVRFREQS
2E0K	Q8KFD9	unreviewed	Q8KFD9_CHLTE	Precorrin-2 C20-methyltransferase, EC 2.1.1.130	Chlorobaculum tepidum (strain ATCC 49652 / DSM 12025 / NBRC 103806 / TLS) (Chlorobium tepidum)	X-ray crystallography (2)		MNNQGSIISVSLGPGDPGLITVKALSQLREADVIYYPGTVSASGAVTSVALDILKEFDLDPSKLRGMLVPMSRSRGAAEASYAANYASMAEEVQAGRRVAVVSVGDGGFYSTASAIIERARRDGLDCSMTPGIPAFIAAGSAAGMPLALQSDSVLVLAQIDEIGELERALVTHSTVVVMKLSTVRDELVSFLERYAKPFLYAEKVGMAGEFITMEVDALRSRAIPYFSLLVCSPHCRQSTLSPFAS
3NDI	B5L6K6	unreviewed	B5L6K6_MICCH	Methyltransferase	Micromonospora chalcea	X-ray crystallography (10)		MSHLADVSPPTACRVCGGGVQEFLDLGRQPLSDRFRKPDELDDEFTYRLAVGRCDSCEMVQLTEEVPRDLMFHEVYPYHSSGSSVMREHFAMLARDFLATELTGPDPFIVEIGCNDGIMLRTIQEAGVRHLGFEPSSGVAAKAREKGIRVRTDFFEKATADDVRRTEGPANVIYAANTLCHIPYVQSVLEGVDALLAPDGVFVFEDPYLGDIVAKTSFDQIYDEHFFLFSATSVQGMAQRCGFELVDVQRLPVHGGEVRYTLARQGSRTPSAAVAQLLAAEREQELSDMATLRAFAGNVVKIRDELTALLHRLRAEGRSVVGYGATAKSATVTNFCGIGPDLVHSVYDTTPDKQNRLTPGAHIPVRPASAFSDPYPDYALLFAWNHAEEIMAKEQEFHQAGGRWILYVPEVHIR
2YBO	P95417	unreviewed	P95417_PSEAI	Uroporphyrinogen-III C-methyltransferase, EC 2.1.1.107	Pseudomonas aeruginosa	X-ray crystallography (2)		MNTTVIPPSLLDVDFPAGSVALVGAGPGDPGLLTLRAWALLQQAEVVVYDRLVARELIALLPESCQRIYVGKRCGHHSLPQEEINELLVRLARQQRRVVRLKGGDPFIFGRGAEELERLLEAGVDCQVVPGVTAASGCSTYAGIPLTHRDLAQSCTFVTGHLQNDGRLDLDWAGLARGKQTLVFYMGLGNLAEIAARLVEHGLASDTPAALVSQGTQAGQQVTRGALAELPALARRYQLKPPTLIVVGQVVALFAERAMAHPSYLGAGSPVSREAVACA
2HNK	Q8F8Y3	unreviewed	Q8F8Y3_LEPIN	SAM-dependent O-methyltransferase	Leptospira interrogans serogroup Icterohaemorrhagiae serovar Lai (strain 56601)	X-ray crystallography (1)		MSRKNISLTESLEEYIFRNSVREPDSFLKLRKETGTLAQANMQISPEEGQFLNILTKISGAKRIIEIGTFTGYSSLCFASALPEDGKILCCDVSEEWTNVARKYWKENGLENKIFLKLGSALETLQVLIDSKSAPSWASDFAFGPSSIDLFFLDADKENYPNYYPLILKLLKPGGLLIADNVLWDGSVADLSHQEPSTVGIRKFNELVYNDSLVDVSLVPIADGVSLVRKR
#1QZZ	Q54527	reviewed	RDMB_STREF	Aclacinomycin 10-hydroxylase RdmB, EC 4.1.1.- (15-demethoxy-epsilon-rhodomycin 10-hydroxylase) (15-demethoxyaclacinomycin T)	Streptomyces purpurascens	X-ray crystallography (4)	RHEA:45800	MSSSSPGEPLEPTDQDLDVLLKNLGNLVTPMALRVAATLRLVDHLLAGADTLAGLADRTDTHPQALSRLVRHLTVVGVLEGGEKQGRPLRPTRLGMLLADGHPAQQRAWLDLNGAVSHADLAFTGLLDVVRTGRPAYAGRYGRPFWEDLSADVALADSFDALMSCDEDLAYEAPADAYDWSAVRHVLDVGGGNGGMLAAIALRAPHLRGTLVELAGPAERARRRFADAGLADRVTVAEGDFFKPLPVTADVVLLSFVLLNWSDEDALTILRGCVRALEPGGRLLVLDRADVEGDGADRFFSTLLDLRMLTFMGGRVRTRDEVVDLAGSAGLALASERTSGSTTLPFDFSILEFTAVSEEAAPAAQASEALPAQE
1FPQ	P93324	reviewed	CHOMT_MEDSA	Isoliquiritigenin 2'-O-methyltransferase, MsCHMT, EC 2.1.1.154 (Chalcone O-methyltransferase, ChOMT) (Licodione 2'-O-methyltransferase, MsLMT, EC 2.1.1.65)	Medicago sativa (Alfalfa)	X-ray crystallography (2)	RHEA:21608 RHEA:18521	MGNSYITKEDNQISATSEQTEDSACLSAMVLTTNLVYPAVLNAAIDLNLFEIIAKATPPGAFMSPSEIASKLPASTQHSDLPNRLDRMLRLLASYSVLTSTTRTIEDGGAERVYGLSMVGKYLVPDESRGYLASFTTFLCYPALLQVWMNFKEAVVDEDIDLFKNVHGVTKYEFMGKDKKMNQIFNKSMVDVCATEMKRMLEIYTGFEGISTLVDVGGGSGRNLELIISKYPLIKGINFDLPQVIENAPPLSGIEHVGGDMFASVPQGDAMILKAVCHNWSDEKCIEFLSNCHKALSPNGKVIIVEFILPEEPNTSEESKLVSTLDNLMFITVGGRERTEKQYEKLSKLSGFSKFQVACRAFNSLGVMEFYK
1KYW	P28002	reviewed	COMT1_MEDSA	Caffeic acid 3-O-methyltransferase, CAOMT, COMT, EC 2.1.1.68 (S-adenosysl-L-methionine:caffeic acid 3-O-methyltransferase)	Medicago sativa (Alfalfa)	X-ray crystallography (2)	RHEA:20225 RHEA:60952	MGSTGETQITPTHISDEEANLFAMQLASASVLPMILKSALELDLLEIIAKAGPGAQISPIEIASQLPTTNPDAPVMLDRMLRLLACYIILTCSVRTQQDGKVQRLYGLATVAKYLVKNEDGVSISALNLMNQDKVLMESWYHLKDAVLDGGIPFNKAYGMTAFEYHGTDPRFNKVFNKGMSDHSTITMKKILETYTGFEGLKSLVDVGGGTGAVINTIVSKYPTIKGINFDLPHVIEDAPSYPGVEHVGGDMFVSIPKADAVFMKWICHDWSDEHCLKFLKNCYEALPDNGKVIVAECILPVAPDSSLATKGVVHIDVIMLAHNPGGKERTQKEFEDLAKGAGFQGFKVHCNAFNTYIMEFLKKV
1M6E	Q9SPV4	reviewed	SAMT_CLABR	Salicylate carboxymethyltransferase, EC 2.1.1.274 (S-adenosyl-L-methionine:salicylate acid carboxylmethyltransferase, CbSAMT) (Salicylate O-methyltransferase)	Clarkia breweri (Fairy fans) (Eucharidium breweri)	X-ray crystallography (1)	RHEA:36095	MDVRQVLHMKGGAGENSYAMNSFIQRQVISITKPITEAAITALYSGDTVTTRLAIADLGCSSGPNALFAVTELIKTVEELRKKMGRENSPEYQIFLNDLPGNDFNAIFRSLPIENDVDGVCFINGVPGSFYGRLFPRNTLHFIHSSYSLMWLSQVPIGIESNKGNIYMANTCPQSVLNAYYKQFQEDHALFLRCRAQEVVPGGRMVLTILGRRSEDRASTECCLIWQLLAMALNQMVSEGLIEEEKMDKFNIPQYTPSPTEVEAEILKEGSFLIDHIEASEIYWSSCTKDGDGGGSVEEEGYNVARCMRAVAEPLLLDHFGEAIIEDVFHRYKLLIIERMSKEKTKFINVIVSLIRKSD
1SUI	Q40313	reviewed	CAMT_MEDSA	Caffeoyl-CoA O-methyltransferase, EC 2.1.1.104 (Trans-caffeoyl-CoA 3-O-methyltransferase, CCoAMT, CCoAOMT)	Medicago sativa (Alfalfa)	X-ray crystallography (2)	RHEA:16925	MATNEDQKQTESGRHQEVGHKSLLQSDALYQYILETSVFPREHEAMKELREVTAKHPWNIMTTSADEGQFLSMLLKLINAKNTMEIGVYTGYSLLATALAIPEDGKILAMDINKENYELGLPVIKKAGVDHKIDFREGPALPVLDEMIKDEKNHGSYDFIFVDADKDNYLNYHKRLIDLVKVGGVIGYDNTLWNGSVVAPPDAPLRKYVRYYRDFVLELNKALAVDPRIEICMLPVGDGITICRRIK
1ZHF	Q29U70	reviewed	I4OMT_MEDTR	Isoflavone 4'-O-methyltransferase, MtHI4'OMT, EC 2.1.1.46 (2,7,4'-trihydroxyisoflavanone 4'-O-methyltransferase, EC 2.1.1.212)	Medicago truncatula (Barrel medic) (Medicago tribuloides)	X-ray crystallography (4)	RHEA:31739 RHEA:31371	MAFSTNGSEESELYHAQIHLYKHVYNFVSSMALKSAMELGIADAIHNHGKPMTLSELASSLKLHPSKVNILHRFLRLLTHNGFFAKTIVKGKEGDEEEEIAYSLTPPSKLLISGKPTCLSSIVKGALHPSSLDMWSSSKKWFNEDKEQTLFECATGESFWDFLNKDSESSTLSMFQDAMASDSRMFKLVLQENKRVFEGLESLVDVGGGTGGVTKLIHEIFPHLKCTVFDQPQVVGNLTGNENLNFVGGDMFKSIPSADAVLLKWVLHDWNDEQSLKILKNSKEAISHKGKDGKVIIIDISIDETSDDRGLTELQLDYDLVMLTMFLGKERTKQEWEKLIYDAGFSSYKITPISGFKSLIEVYP
3C3Y	Q6YI95	unreviewed	Q6YI95_MESCR	O-methyltransferase, EC 2.1.1.104	Mesembryanthemum crystallinum (Common ice plant) (Cryophytum crystallinum)	X-ray crystallography (1)		MDFAVMKQVKNTGLLQSEELCQYILRTSVYPREAGFLKELREANESHPDSYMSTSPLAGQLMSFVLKLVNAKKTIEVGVFTGYSLLLTALSIPDDGKITAIDFDREAYEIGLPFIRKAGVEHKINFIESDAMLALDNLLQGQESEGSYDFGFVDADKPNYIKYHERLMKLVKVGGIVAYDNTLWGGTVAQPESEVPDFMKENREAVIELNKLLAADPRIEIVHLPLGDGITFCRRLY
3B5I	Q9FLN8	reviewed	IAMT1_ARATH	Indole-3-acetate O-methyltransferase 1, EC 2.1.1.278 (IAA carboxylmethyltransferase 1) (S-adenosyl-L-methionine:(indol-3-yl) acetate carboxylmethyltransferase 1)	Arabidopsis thaliana (Mouse-ear cress)	X-ray crystallography (1)	RHEA:36131	MGSKGDNVAVCNMKLERLLSMKGGKGQDSYANNSQAQAMHARSMLHLLEETLENVHLNSSASPPPFTAVDLGCSSGANTVHIIDFIVKHISKRFDAAGIDPPEFTAFFSDLPSNDFNTLFQLLPPLVSNTCMEECLAADGNRSYFVAGVPGSFYRRLFPARTIDFFHSAFSLHWLSQVPESVTDRRSAAYNRGRVFIHGAGEKTTTAYKRQFQADLAEFLRARAAEVKRGGAMFLVCLGRTSVDPTDQGGAGLLFGTHFQDAWDDLVREGLVAAEKRDGFNIPVYAPSLQDFKEVVDANGSFAIDKLVVYKGGSPLVVNEPDDASEVGRAFASSCRSVAGVLVEAHIGEELSNKLFSRVESRATSHAKDVLVNLQFFHIVASLSFT
3P9C	Q9ZTU2	unreviewed	Q9ZTU2_LOLPR	Caffeic acid O-methyltransferase, EC 2.1.1.6	Lolium perenne (Perennial ryegrass)	X-ray crystallography (3)		MGSTAADMAASADEDACMFALQLASSSVLPMTLKNAIELGLLEILVAAGGKSLTPTEVAAKLPSAANPEAPDMVDRILRLLASYNVVTCLVEEGKDGRLSRSYGAAPVCKFLTPNEDGVSMAALALMNQDKVLMESWYYLKDAVLDGGIPFNKAYGMSAFEYHGTDPRFNRVFNEGMKNHSIIITKKLLELYHGFEGLGTLVDVGGGVGATVAAIAAHYPTIKGVNFDLPHVISEAPQFPGVTHVGGDMFKEVPSGDTILMKWILHDWSDQHCATLLKNCYDALPAHGKVVLVQCILPVNPEANPSSQGVFHVDMIMLAHNPGGRERYEREFQALARGAGFTGVKSTYIYANAWAIEFTK
3LCC	Q0WP12	reviewed	HOL1_ARATH	Thiocyanate methyltransferase 1, EC 2.1.1.n4 (Protein HARMLESS TO OZONE LAYER 1, AtHOL1)	Arabidopsis thaliana (Mouse-ear cress)	X-ray crystallography (1)	RHEA:28014	MAEEQQNSDQSNGGNVIPTPEEVATFLHKTVEEGGWEKCWEEEITPWDQGRATPLIVHLVDTSSLPLGRALVPGCGGGHDVVAMASPERFVVGLDISESALAKANETYGSSPKAEYFSFVKEDVFTWRPTELFDLIFDYVFFCAIEPEMRPAWAKSMYELLKPDGELITLMYPITDHVGGPPYKVDVSTFEEVLVPIGFKAVSVEENPHAIPTRKGKEKLGRWKKIN
2EFJ	A4GE70	reviewed	DXMT1_COFCA	3,7-dimethylxanthine N-methyltransferase, CcDXMT, EC 2.1.1.160 (Caffeine synthase DXMT)	Coffea canephora (Robusta coffee)	X-ray crystallography (1)	RHEA:20944 RHEA:10280 RHEA:24604	MELQEVLHMNGGEGDTSYAKNSSYNLFLIRVKPVLEQCIQELLRANLPNINKCFKVGDLGCASGPNTFSTVRDIVQSIDKVGQEKKNELERPTIQIFLNDLFQNDFNSVFKLLPSFYRNLEKENGRKIGSCLIGAMPGSFYSRLFPEESMHFLHSCYCLHWLSQVPSGLVTELGISVNKGCIYSSKASRPPIQKAYLDQFTKDFTTFLRIHSEELISRGRMLLTFICKEDEFDHPNSMDLLEMSINDLVVEGHLEEEKLDSFNVPIYAPSTEEVKRIVEEEGSFEILYLETFYAPYDAGFSIDDDYQGRSHSPVSCDEHARAAHVASVVRSIYEPILASHFGEAILPDLSHRIAKNAAKVLRSGKGFYDSVIISLAKKPEKADM
2EG5	A4GE69	reviewed	XMT1_COFCA	7-methylxanthosine synthase 1, EC 2.1.1.158 (Xanthosine methyltransferase 1, CcXMT1, XMT)	Coffea canephora (Robusta coffee)	X-ray crystallography (1)	RHEA:15025	MELQEVLRMNGGEGDTSYAKNSAYNQLVLAKVKPVLEQCVRELLRANLPNINKCIKVADLGCASGPNTLLTVRDIVQSIDKVGQEKKNELERPTIQIFLNDLFPNDFNSVFKLLPSFYRKLEKENGRKIGSCLIGAMPGSFYSRLFPEESMHFLHSCYCLQWLSQVPSGLVTESGISTNKGSIYSSKASRLPVQKAYLDQFTKDFTTFLRIHSEELFSHGRMLLTCICKGVELDARNAIDLLEMAINDLVVEGHLEEEKLDSFNLPVYIPSAEEVKCIVEEEGSFEILYLETFKVLYDAGFSIDDEHIKAEYVASSVRAVYEPILASHFGEAIIPDIFHRFAKHAAKVLPLGKGFYNNLIISLAKKPEKSDV
3BGD	O55060	reviewed	TPMT_MOUSE	Thiopurine S-methyltransferase, EC 2.1.1.67 (Thiopurine methyltransferase)	Mus musculus (Mouse)	X-ray crystallography (3)	RHEA:12609	MSLDMKEHPDAEVQKNQVLTLEDWKEKWVTRHISFHQEQGHQLLKKHLDTFLKGQSGLRVFFPLCGKAIEMKWFADRGHTVVGVEISEIGIREFFAEQNLSYTEEPLAEIAGAKVFKSSSGSISLYCCSIFDLPRANIGKFDRIWDRGALVAINPGDHDRYADIILSLLRKEFQYLVAVLSYDPTKHAGPPFYVPSAELKRLFGTKCSMQCLEEVDALEERHKAWGLDYLFEKLYLLTEK
1VID	P22734	reviewed	COMT_RAT	Catechol O-methyltransferase, EC 2.1.1.6	Rattus norvegicus (Rat)	X-ray crystallography (95)	RHEA:17877 RHEA:53108 RHEA:53104 RHEA:53100 RHEA:53096 RHEA:53092 RHEA:53088	MPLAAVSLGLLLLALLLLLRHLGWGLVTIFWFEYVLQPVHNLIMGDTKEQRILRYVQQNAKPGDPQSVLEAIDTYCTQKEWAMNVGDAKGQIMDAVIREYSPSLVLELGAYCGYSAVRMARLLQPGARLLTMEMNPDYAAITQQMLNFAGLQDKVTILNGASQDLIPQLKKKYDVDTLDMVFLDHWKDRYLPDTLLLEKCGLLRKGTVLLADNVIVPGTPDFLAYVRGSSSFECTHYSSYLEYMKVVDGLEKAIYQGPSSPDKS
1XVA	P13255	reviewed	GNMT_RAT	Glycine N-methyltransferase, EC 2.1.1.20 (Folate-binding protein)	Rattus norvegicus (Rat)	X-ray crystallography (12)	RHEA:19937	MVDSVYRTRSLGVAAEGIPDQYADGEAARVWQLYIGDTRSRTAEYKAWLLGLLRQHGCHRVLDVACGTGVDSIMLVEEGFSVTSVDASDKMLKYALKERWNRRKEPAFDKWVIEEANWLTLDKDVPAGDGFDAVICLGNSFAHLPDSKGDQSEHRLALKNIASMVRPGGLLVIDHRNYDYILSTGCAPPGKNIYYKSDLTKDITTSVLTVNNKAHMVTLDYTVQVPGAGRDGAPGFSKFRLSYYPHCLASFTELVQEAFGGRCQHSVLGDFKPYRPGQAYVPCYFIHVLKKTG
1JQD	P50135	reviewed	HNMT_HUMAN	Histamine N-methyltransferase, HMT, EC 2.1.1.8	Homo sapiens (Human)	X-ray crystallography (7)	RHEA:19301	MASSMRSLFSDHGKYVESFRRFLNHSTEHQCMQEFMDKKLPGIIGRIGDTKSEIKILSIGGGAGEIDLQILSKVQAQYPGVCINNEVVEPSAEQIAKYKELVAKTSNLENVKFAWHKETSSEYQSRMLEKKELQKWDFIHMIQMLYYVKDIPATLKFFHSLLGTNAKMLIIVVSGSSGWDKLWKKYGSRFPQDDLCQYITSDDLTQMLDNLGLKYECYDLLSTMDISDCFIDGNENGDLLWDFLTETCNFNATAPPDLRAELGKDLQEPEFSAKKEGKVLFNNTLSFIVIEA
1HNN	P11086	reviewed	PNMT_HUMAN	Phenylethanolamine N-methyltransferase, PNMTase, EC 2.1.1.28 (Noradrenaline N-methyltransferase)	Homo sapiens (Human)	X-ray crystallography (42)	RHEA:12176 RHEA:25269 RHEA:70683 RHEA:70519	MSGADRSPNAGAAPDSAPGQAAVASAYQRFEPRAYLRNNYAPPRGDLCNPNGVGPWKLRCLAQTFATGEVSGRTLIDIGSGPTVYQLLSACSHFEDITMTDFLEVNRQELGRWLQEEPGAFNWSMYSQHACLIEGKGECWQDKERQLRARVKRVLPIDVHQPQPLGAGSPAPLPADALVSAFCLEAVSPDLASFQRALDHITTLLRPGGHLLLIGALEESWYLAGEARLTVVPVSEEEVREALVRSGYKVRDLRTYIMPAHLQTGVDDVKGVFFAWAQKVGL
1KHH	P10868	reviewed	GAMT_RAT	Guanidinoacetate N-methyltransferase, EC 2.1.1.2	Rattus norvegicus (Rat)	X-ray crystallography (5)	RHEA:10656	MSSSAASPLFAPGEDCGPAWRAAPAAYDTSDTHLQILGKPVMERWETPYMHSLAAAAASRGGRVLEVGFGMAIAASRVQQAPIKEHWIIECNDGVFQRLQNWALKQPHKVVPLKGLWEEEAPTLPDGHFDGILYDTYPLSEETWHTHQFNFIKTHAFRLLKPGGILTYCNLTSWGELMKSKYTDITAMFEETQVPALLEAGFQRENICTEVMALVPPADCRYYAFPQMITPLVTKH
3UJ6	Q6T755	unreviewed	Q6T755_PLAFA	Phosphoethanolamine N-methyltransferase	Plasmodium falciparum (malaria parasite P. falciparum)	X-ray crystallography (11)		MTLIENLNSDKTFLENNQYTDEGVKVYEFIFGENYISSGGLEATKKILSDIELNENSKVLDIGSGLGGGCMYINEKYGAHTHGIDICSNIVNMANERVSGNNKIIFEANDILTKEFPENNFDLIYSRDAILHLSLENKNKLFQKCYKWLKPTGTLLITDYCATEKENWDDEFKEYVKQRKYTLITVEEYADILTACNFKNVVSKDLSDYWNQLLEVEHKYLHENKEEFLKLFSEKKFISLDDGWSRKIKDSKRKMQRWGYFKATKN
3ROD	P40261	reviewed	NNMT_HUMAN	Nicotinamide N-methyltransferase, EC 2.1.1.1	Homo sapiens (Human)	X-ray crystallography (15)	RHEA:23884	MESGFTSKDTYLSHFNPRDYLEKYYKFGSRHSAESQILKHLLKNLFKIFCLDGVKGDLLIDIGSGPTIYQLLSACESFKEIVVTDYSDQNLQELEKWLKKEPEAFDWSPVVTYVCDLEGNRVKGPEKEEKLRQAVKQVLKCDVTQSQPLGAVPLPPADCVLSTLCLDAACPDLPTYCRALRNLGSLLKPGGFLVIMDALKSSYYMIGEQKFSSLPLGREAVEAAVKEAGYTIEWFEVISQSYSSTMANNEGLFSLVARKLSRPL
6CIG	O24529	reviewed	7OMT8_MEDSA	Isoflavone-7-O-methyltransferase 8, EC 2.1.1.150 (7-IOMT-8) (Isoflavone-O-methyltransferase 8)	Medicago sativa (Alfalfa)	X-ray crystallography (2)	RHEA:17933	MASSINGRKPSEIFKAQALLYKHIYAFIDSMSLKWAVEMNIPNIIQNHGKPISLSNLVSILQVPSSKIGNVRRLMRYLAHNGFFEIITKEEESYALTVASELLVRGSDLCLAPMVECVLDPTLSGSYHELKKWIYEEDLTLFGVTLGSGFWDFLDKNPEYNTSFNDAMASDSKLINLALRDCDFVFDGLESIVDVGGGTGTTAKIICETFPKLKCIVFDRPQVVENLSGSNNLTYVGGDMFTSIPNADAVLLKYILHNWTDKDCLRILKKCKEAVTNDGKRGKVTIIDMVIDKKKDENQVTQIKLLMDVNMACLNGKERNEEEWKKLFIEAGFQHYKISPLTGFLSLIEIYP
#D. K. Liscombe, G. V. Louie, J. P. Noel Natural Product Reports (2012)
#use pdb id match the uniprot result， the paper list 48(47 of them has pdb entry  are all included，14 of them do not have Rhea id and all of which are unreviewed)
#1QZZ is comment out because there are no clear substrate in the review and the function i can get from the datatbases is from EC 4.1.1
#1FPX do not have match in uniprot database, which is change to 6CIG in pdb database